name,nat_abbr,wmo_ind,chx,chy,lon,lat,height,climate.region,climate.region.nr,first.year.daily.obs,last.year.daily.obs,nr.years.daily.obs.in.standard.per,nr.na.years.daily.obs.in.standard.per,first.year.hourly.obs,last.year.hourly.obs,nr.years.hourly.obs,nr.na.years.hourly.obs,has.hourly.data
Aarberg,ABE,NA,2588051.14,1209518.31,7.281425,47.0365917,493,Central plateau,4,1961,2020,60,0,NA,NA,NA,NA,FALSE
L'Abergement,ABG,NA,2527539.7,1178770.66,6.49021111,46.7561778,647,Western Jura,2,1962,2020,59,0,NA,NA,NA,NA,FALSE
Adelboden,ABO,6735,2609371.81,1148939.38,7.56070278,46.4917028,1321.38,Western Alpine North- slope,8,1961,2020,60,0,1984,2021,38,0,TRUE
Andelfingen,AFI,NA,2693811.07,1273069.79,8.68609722,47.6016028,382,North-eastern plateau,3,1961,2020,60,0,NA,NA,NA,NA,FALSE
Affeltrangen,AFT,NA,2718739.86,1266351.62,9.01571944,47.5371556,541,North-eastern plateau,3,1961,2020,60,0,NA,NA,NA,NA,FALSE
Affoltern i. E.,AIE,NA,2622940.37,1212500.14,7.74061389,47.063125,755,Central plateau,4,1961,2020,60,0,2013,2020,8,0,FALSE
Aigle,AIG,6712,2560403.97,1130713.31,6.92447222,46.3266472,381.02,Western Alpine North- slope,8,1981,2020,40,0,1982,2021,40,0,TRUE
Airolo,AIR,NA,2688910.28,1153399.62,8.59744444,46.5259861,1139,Alpine south side,12,1961,2020,60,0,2014,2020,7,0,FALSE
Altmatt,ALM,NA,2695420.77,1220769.85,8.69635833,47.1310306,920,Central Alpine north slope,7,1974,2020,47,0,NA,NA,NA,NA,FALSE
"Altst√§tten, SG",ALS,NA,2759910.36,1250201.72,9.55653056,47.383225,430,Eastern Alpine north slope,6,1961,2020,60,0,2014,2020,6,1,FALSE
Altdorf,ALT,6672,2690180.92,1193563.72,8.62189444,46.8870694,437.86,Central Alpine north slope,7,1961,2020,60,0,1982,2021,40,0,TRUE
Alvaneu Dorf,ALV,NA,2768985,1171899,9.64745833,46.6769083,1162,Northern and central Grisons,9,1974,2020,47,0,NA,NA,NA,NA,FALSE
"Allenwinden, TG",ALW,NA,2713800.82,1249549.82,8.94585278,47.3869417,865,North-eastern plateau,3,1974,2020,47,0,NA,NA,NA,NA,FALSE
Amriswil,AMW,NA,2741796.69,1268303.53,9.322475,47.5501361,420,North-eastern plateau,3,1961,2020,60,0,2016,2020,4,1,FALSE
Andeer,AND,6787,2752692.28,1164037.6,9.43198056,46.6101389,987.1,Northern and central Grisons,9,1961,2020,60,0,2008,2020,12,1,FALSE
Andermatt,ANT,6695,2687444.59,1165043.77,8.58055278,46.6309139,1438,Central Alpine north slope,7,1961,2020,60,0,2014,2020,7,0,FALSE
Appenzell,APP,NA,2748012.64,1245039.62,9.39731389,47.3395917,750,Eastern Alpine north slope,6,1961,2012,52,0,2013,2020,8,0,FALSE
Alpthal,APT,NA,2696860.71,1212929.82,8.71365556,47.0603083,1015,Central Alpine north slope,7,1974,2020,47,0,NA,NA,NA,NA,FALSE
Arbon,ARB,NA,2750506.63,1263114.52,9.43639167,47.5015417,401,North-eastern plateau,3,1961,2020,60,0,NA,NA,NA,NA,FALSE
Arisdorf,ARI,NA,2625310.59,1261860.45,7.77459444,47.5070056,480,Eastern Jura,1,1961,2020,60,0,NA,NA,NA,NA,FALSE
Arosa,ARO,6785,2771030.9,1184830.2,9.67901389,46.7926611,1878,Northern and central Grisons,9,1961,2020,60,0,2016,2020,5,0,FALSE
Stalden / Ackersand,AST,NA,2633629.61,1121149.59,7.87463889,46.2409417,700,Valais,10,1962,2020,59,0,NA,NA,NA,NA,FALSE
L' Auberson,AUB,NA,2523851.81,1186295.57,6.44069167,46.82345,1096,Western Jura,2,1961,2020,60,0,2015,2020,6,0,FALSE
Les Avants,AVA,NA,2561879.65,1145178.33,6.94244444,46.45685,1036,Western plateau,5,1975,2020,46,0,2016,2020,4,1,FALSE
Avers / Am Bach,AVB,NA,2761959.89,1146802.54,9.54686111,46.452975,1993,Northern and central Grisons,9,1962,2020,59,0,NA,NA,NA,NA,FALSE
Avenches,AVE,NA,2569652.91,1191910.23,7.04053889,46.8776194,457,Western plateau,5,1961,2020,60,0,NA,NA,NA,NA,FALSE
Bauma,BAM,NA,2710805.79,1247004.82,8.90556389,47.3645667,667,North-eastern plateau,3,1961,2020,60,0,NA,NA,NA,NA,FALSE
Basel / Binningen,BAS,6601,2610908.72,1265611.95,7.583525,47.5411417,316.172,Eastern Jura,1,1961,2020,60,0,1982,2021,40,0,TRUE
Balsthal,BAT,NA,2621017.48,1241091.31,7.71663333,47.3203556,523,Western Jura,2,1961,2020,60,0,NA,NA,NA,NA,FALSE
Baulmes,BAU,NA,2530055.74,1182443.64,6.52257778,46.7894833,642,Western Jura,2,1961,2020,60,0,NA,NA,NA,NA,FALSE
Barmelweid,BAW,NA,2640058,1252430,7.96949167,47.4214556,777,Central plateau,4,1961,2020,60,0,2019,2020,1,1,FALSE
Passo del Bernina,BEH,6797,2798423.28,1143019.76,10.0195667,46.4091583,2260,Alpine south side,12,1961,2020,55,5,2014,2020,6,1,FALSE
Belp,BEP,NA,2605082.05,1195000.98,7.50533889,46.9060944,510,Central plateau,4,1961,2020,60,0,2018,2020,3,0,FALSE
Bern / Zollikofen,BER,6631,2601934.03,1204409.74,7.46406111,46.9907444,552.84,Central plateau,4,1961,2020,60,0,1982,2021,40,0,TRUE
Bex,BEX,NA,2565805.47,1121511.26,6.99528611,46.2441667,402,Western Alpine North- slope,8,1961,2012,52,0,2013,2020,8,0,FALSE
Bellelay,BEY,NA,2579603.33,1234880.56,7.16913333,47.2645139,923,Western Jura,2,1961,2020,60,0,2016,2020,5,0,FALSE
Beznau,BEZ,6646,2659813.26,1267696.4,8.233325,47.5572556,325.57,North-eastern plateau,3,1989,2020,32,0,1989,2021,33,0,TRUE
Biasca,BIA,NA,2718550.43,1132799.36,8.9784,46.3361167,278,Alpine south side,12,1961,2020,60,0,2014,2020,6,1,FALSE
Bi√®re,BIE,6704,2515887.31,1153211.08,6.34238611,46.5249083,683.636,Western plateau,5,1976,2020,45,0,2010,2020,11,0,FALSE
Binn,BIN,6721,2657995.87,1135421.46,8.19230556,46.3676611,1479,Valais,10,1961,2020,60,0,2014,2020,6,1,FALSE
Bisisthal,BIS,NA,2705983.76,1200132.72,8.83073333,46.9438194,856,Central Alpine north slope,7,1970,2020,51,0,NA,NA,NA,NA,FALSE
Bivio,BIV,6774,2771282.66,1148119.22,9.66863889,46.4624944,1856,Northern and central Grisons,9,1961,2020,60,0,2016,2020,5,0,FALSE
Bischofszell,BIZ,6678,2737713.5,1263612.7,9.26679722,47.5088278,507,North-eastern plateau,3,1961,2020,60,0,2010,2020,10,1,FALSE
Br√ºlisau,BLS,NA,2752884.55,1240106.65,9.460075,47.294125,928,Eastern Alpine north slope,6,1974,2020,47,0,NA,NA,NA,NA,FALSE
Blumenstein,BLU,NA,2606259.91,1177009.89,7.52055278,46.7442472,655,Western Alpine North- slope,8,1973,2020,48,0,NA,NA,NA,NA,FALSE
Bellinzona,BLZ,NA,2720913.43,1116587.13,9.00488056,46.1898861,224,Alpine south side,12,1961,2020,60,0,2016,2020,4,1,FALSE
Berom√ºnster,BMU,NA,2657200.73,1228760.07,8.19364167,47.2073028,642,Central plateau,4,1961,2020,60,0,NA,NA,NA,NA,FALSE
Les Brenets,BNE,NA,2544673.56,1213695.5,6.71021667,47.0719639,908,Western Jura,2,1961,2020,60,0,NA,NA,NA,NA,FALSE
Braunau,BNU,NA,2723115.85,1264786.63,9.07339167,47.5222778,592,North-eastern plateau,3,1979,2020,41,1,NA,NA,NA,NA,FALSE
Bosco/Gurin,BOS,NA,2680878.94,1130026.3,8.48870556,46.3167667,1486,Alpine south side,12,1961,2020,60,0,2014,2020,6,1,FALSE
Boudevilliers,BOV,NA,2558094.8,1208130.48,6.88742778,47.0228917,750,Western Jura,2,1969,2020,50,2,NA,NA,NA,NA,FALSE
Orbe,BOZ,NA,2531750.7,1176425.6,6.54567222,46.7355278,438,Western plateau,5,1961,2020,59,1,NA,NA,NA,NA,FALSE
Braggio,BRA,NA,2729967.59,1128611.18,9.125475,46.2963389,1312,Alpine south side,12,1964,2020,57,0,NA,NA,NA,NA,FALSE
Brig,BRI,NA,2640566.78,1129068.74,7.96526389,46.3117944,665,Valais,10,1962,2012,51,0,2014,2020,7,0,FALSE
La Br√©vine,BRL,6617,2536981.24,1203974.72,6.61029722,46.9838444,1050,Western Jura,2,1961,2020,60,0,2013,2020,7,1,FALSE
Broc,BRO,NA,2574681.67,1162098.14,7.10815278,46.6096583,682,Western Alpine North- slope,8,1971,2020,50,0,NA,NA,NA,NA,FALSE
Brusio,BRP,NA,2806478.68,1127183.98,10.1172306,46.2643583,856,Alpine south side,12,1961,2014,54,0,2016,2020,5,0,FALSE
Braunwald,BRW,NA,2717942.65,1199650.67,8.98765,46.9374694,1299,Eastern Alpine north slope,6,1961,2020,60,0,2014,2020,6,1,FALSE
Brienz,BRZ,6656,2647552.72,1176803.02,8.06086389,46.7407194,567.15,Western Alpine North- slope,8,1961,2020,60,0,2012,2020,8,1,FALSE
Brissago,BSG,NA,2698199.95,1108388.97,8.70900278,46.1198444,280,Alpine south side,12,1961,2020,60,0,NA,NA,NA,NA,FALSE
Bourg-St-Pierre,BSP,NA,2582154.09,1088270.11,7.20851667,45.9457806,1664,Valais,10,1961,2020,59,1,NA,NA,NA,NA,FALSE
"Buch, SH",BUC,NA,2700944.98,1286038.66,8.78389722,47.7171611,414,North-eastern plateau,3,1961,2020,60,0,NA,NA,NA,NA,FALSE
Burgdorf,BUD,NA,2612163.28,1211782.16,7.59873056,47.0569528,534,Central plateau,4,1961,2020,60,0,NA,NA,NA,NA,FALSE
B√ºlach,BUE,NA,2682028.08,1263776.96,8.52771944,47.5196111,403,North-eastern plateau,3,1961,2020,60,0,NA,NA,NA,NA,FALSE
Buffalora,BUF,6778,2816494.06,1170254.99,10.2672,46.6484083,1971,Engadine,11,1961,2020,59,1,1999,2020,21,1,FALSE
Buchs / Aarau,BUS,6633,2648396.43,1248370,8.07955,47.3843806,386.66,Central plateau,4,1984,2020,36,1,1985,2021,37,0,TRUE
Campocologno,CAC,NA,2807969.75,1124285.97,10.1352639,46.2378444,577,Alpine south side,12,1962,2020,59,0,NA,NA,NA,NA,FALSE
Cavaglia,CAV,NA,2799866.35,1138474.79,10.0363667,46.3678694,1707,Alpine south side,12,1962,2020,59,0,NA,NA,NA,NA,FALSE
La Chaux-de-Fonds,CDF,6612,2550919.04,1214861.98,6.79231389,47.0829472,1017.01,Western Jura,2,1961,2020,60,0,1982,2021,40,0,TRUE
Col des Mosses,CDM,6713,2573817.1,1137852.8,7.09823889,46.391525,1412,Western Alpine North- slope,8,1973,2020,48,0,2016,2020,5,0,FALSE
Cevio,CEV,6752,2689688.01,1130564.3,8.60316111,46.3204861,417,Alpine south side,12,1961,2020,59,1,2013,2020,7,1,FALSE
Nyon / Changins,CGI,6705,2506877.56,1139573.56,6.22772222,46.4010528,458.2,Western plateau,5,1966,2020,55,0,1982,2021,40,0,TRUE
Chasseral,CHA,6605,2570845.43,1220157.84,7.05436667,47.1317611,1594.2,Western Jura,2,1981,2020,40,0,1982,2021,40,0,TRUE
Ch√¢teau-d'Oex,CHD,6627,2577040.14,1147654.83,7.13965556,46.4798194,1028,Western Alpine North- slope,8,1961,2020,60,0,2012,2020,8,1,FALSE
Chaumont,CHM,6608,2565060.25,1211006.92,6.978825,47.0491694,1136,Western Jura,2,1961,2020,60,0,2013,2020,7,1,FALSE
Chur,CHU,6786,2759466.63,1193152.63,9.53051111,46.8703667,556,Northern and central Grisons,9,1961,2020,60,0,1982,2021,40,0,TRUE
Chavornay,CHY,NA,2531886.68,1172741.59,6.54799722,46.7024056,439,Western plateau,5,1975,2020,46,0,NA,NA,NA,NA,FALSE
Cham,CHZ,6674,2677758.87,1226878,8.46464167,47.1882778,442.5,Central plateau,4,1993,2020,26,2,1994,2021,27,1,TRUE
Cimetta,CIM,6759,2704433.6,1117457.06,8.79165,46.2004667,1661,Alpine south side,12,1982,2020,39,0,1982,2021,40,0,TRUE
Camedo,CMD,NA,2690295.84,1112206.1,8.60750278,46.1552806,590,Alpine south side,12,1961,2020,60,0,NA,NA,NA,NA,FALSE
Chan√©az,CNZ,NA,2546813.72,1175579.52,6.74284167,46.7292889,758,Western plateau,5,1973,2020,48,0,NA,NA,NA,NA,FALSE
Combe-Garot,COG,NA,2548088.63,1200426.38,6.75669444,46.9528889,629,Western plateau,5,1961,2020,60,0,NA,NA,NA,NA,FALSE
Coldrerio,COL,NA,2721080.12,1079233.53,8.99743056,45.8539139,347,Alpine south side,12,1961,2020,60,0,2015,2020,5,1,FALSE
Acquarossa / Comprovasco,COM,6756,2714985.08,1146450.88,8.93548611,46.4595167,575.32,Alpine south side,12,1961,2020,48,12,1989,2021,33,0,TRUE
Courtepin,COP,NA,2576279.88,1189930.14,7.127575,46.8600778,565,Western plateau,5,1973,2020,48,0,NA,NA,NA,NA,FALSE
Cossonay,COS,NA,2527562.63,1162465.61,6.49308333,46.6095194,590,Western plateau,5,1961,2020,60,0,2014,2020,6,1,FALSE
Couvet,COU,NA,2540606.61,1198345.36,6.65868333,46.9335417,728,Western Jura,2,1961,2020,60,0,2016,2020,4,1,FALSE
Piz Corvatsch,COV,6791,2783155.78,1143524.3,9.82130833,46.4180389,3294.31,Engadine,11,1981,2020,40,0,1982,2021,39,1,TRUE
Courtelary,COY,6710,2573622.81,1225598.18,7.09065556,47.1808111,695,Western Jura,2,1961,2020,60,0,2015,2020,5,1,FALSE
Finhaut,CTA,NA,2564159.22,1103590.34,6.97531111,46.082875,1242,Valais,10,1970,2020,51,0,NA,NA,NA,NA,FALSE
Torricella / Crana,CTO,NA,2712695.26,1103744.91,8.89536667,46.0758083,1002,Alpine south side,12,1961,2020,60,0,2016,2020,4,1,FALSE
La Cure,CUE,NA,2495297.35,1146347.71,6.07563611,46.460275,1185,Western Jura,2,1961,2020,60,0,NA,NA,NA,NA,FALSE
Davos,DAV,6784,2783519.14,1187458.75,9.84355833,46.8129694,1594.16,Northern and central Grisons,9,1961,2020,60,0,1982,2021,40,0,TRUE
Degersheim,DEH,NA,2732600.69,1247599.68,9.19419167,47.3658917,830,North-eastern plateau,3,1961,2020,60,0,NA,NA,NA,NA,FALSE
Del√©mont,DEM,6602,2593269.99,1244543.47,7.34956667,47.3517056,439,Western Jura,2,1961,2020,60,0,2012,2020,8,1,FALSE
Les Diablerets,DIB,NA,2579037.58,1132867.4,7.16633333,46.3468639,1191,Western Alpine North- slope,8,1962,2020,59,0,NA,NA,NA,NA,FALSE
Diessenhofen,DIE,NA,2696732.11,1283138.64,8.72713056,47.6917194,404,North-eastern plateau,3,1961,2020,60,0,NA,NA,NA,NA,FALSE
Disentis,DIS,6782,2708190.86,1173793.28,8.85347778,46.7065694,1197.05,Northern and central Grisons,9,1961,2020,60,0,1982,2021,40,0,TRUE
Dietikon,DIT,NA,2672890.95,1251864.94,8.40447222,47.4135583,384,North-eastern plateau,3,1961,2020,60,0,2016,2020,4,1,FALSE
Dischma,DMA,NA,2786600.94,1182989.82,9.88209167,46.7719333,1710,Northern and central Grisons,9,1974,2020,47,0,NA,NA,NA,NA,FALSE
Benken / Doggen,DOB,NA,2715387.8,1227539.78,8.96121111,47.1887333,408,Eastern Alpine north slope,6,1962,2020,58,1,2013,2020,8,0,FALSE
La D√¥le,DOL,6702,2497059.38,1142372.52,6.09945278,46.4247944,1669.75,Western Jura,2,1974,2020,47,0,1982,2021,39,1,TRUE
Ebnat-Kappel,EBK,6693,2726347.8,1237176.32,9.10849444,47.2733889,623.2,Eastern Alpine north slope,6,1961,2020,60,0,2010,2020,10,1,FALSE
Echallens,ECH,NA,2537462.67,1166422.54,6.62176389,46.6461111,602,Western plateau,5,1961,2020,60,0,NA,NA,NA,NA,FALSE
Effretikon,EFF,NA,2695336.93,1254991.82,8.70251389,47.4388111,478,North-eastern plateau,3,1961,2020,60,0,NA,NA,NA,NA,FALSE
Lachen / Eggen,EGL,NA,2762030.36,1255899.58,9.58666111,47.4339361,930,Eastern Alpine north slope,6,1973,2020,45,3,NA,NA,NA,NA,FALSE
Egolzwil,EGO,6648,2642913.26,1225540.78,8.00475833,47.1794278,521.9,Central plateau,4,1975,2020,46,0,2010,2020,10,1,FALSE
Eggersriet,EGR,NA,2753060.55,1256196.58,9.46790278,47.4387528,770,North-eastern plateau,3,1976,2020,45,0,2019,2020,1,1,FALSE
Escholzmatt,EHM,NA,2637850.48,1194828.01,7.93540556,46.9034806,840,Central Alpine north slope,7,1961,2020,60,0,NA,NA,NA,NA,FALSE
Einsiedeln,EIN,6675,2699983.7,1221068.3,8.75655556,47.1330417,910.7,Central Alpine north slope,7,1961,2020,60,0,2012,2020,8,1,FALSE
Eigenthal,EIT,NA,2659340.76,1203879.96,8.21862222,46.9833306,1114,Central Alpine north slope,7,1961,2020,60,0,NA,NA,NA,NA,FALSE
Eschlikon,EKO,NA,2715699.81,1256835.75,8.97288333,47.4521306,578,North-eastern plateau,3,1961,2020,60,0,NA,NA,NA,NA,FALSE
Elm,ELM,6682,2732265.6,1198424.3,9.17534722,46.9237417,957.6,Eastern Alpine north slope,6,1961,2020,60,0,2011,2020,9,1,FALSE
Engelberg,ENG,6655,2674161.61,1186069.27,8.41051389,46.8216389,1035.66,Central Alpine north slope,7,1961,2020,60,0,1983,2021,39,0,TRUE
Entlebuch,ENT,NA,2647935.6,1204164.94,8.06874722,46.9868139,768,Central Alpine north slope,7,1961,2020,60,0,2014,2020,6,1,FALSE
Eptingen,EPT,NA,2628720.51,1248410.24,7.81898889,47.3858944,565,Eastern Jura,1,1961,2020,60,0,NA,NA,NA,NA,FALSE
Erlenbach im Simmental,ERB,NA,2606536.85,1167474.85,7.52404167,46.6584722,732,Western Alpine North- slope,8,1970,2020,51,0,NA,NA,NA,NA,FALSE
Eriswil,ERI,NA,2631275.48,1214794.09,7.85048889,47.0834167,729,Central plateau,4,1973,2020,48,0,NA,NA,NA,NA,FALSE
Eschenz,ESZ,NA,2707865.96,1278226.6,8.87421111,47.6458111,414,North-eastern plateau,3,1961,2020,60,0,2013,2020,8,0,FALSE
Euthal,EUT,NA,2704729.75,1217362.82,8.81824444,47.0989806,910,Central Alpine north slope,7,1974,2020,47,0,NA,NA,NA,NA,FALSE
Evol√®ne / Villa,EVO,6722,2605411.5,1106748.15,7.50863056,46.1122111,1825,Valais,10,1986,2020,34,1,1987,2021,35,0,TRUE
Fahy,FAH,6616,2562464.75,1252675.74,6.94119444,47.4238139,596.39,Eastern Jura,1,1961,2020,60,0,1982,2021,40,0,TRUE
Filisur,FIL,NA,2772250.92,1171319.68,9.68990556,46.6708639,1030,Northern and central Grisons,9,1961,2020,60,0,NA,NA,NA,NA,FALSE
Flims,FLI,NA,2740720.69,1188599.76,9.28329444,46.8336556,1050,Northern and central Grisons,9,1962,2020,59,0,NA,NA,NA,NA,FALSE
"Fl√ºhli, LU",FLU,6652,2644332.93,1193311.28,8.02033611,46.8894361,939.75,Central Alpine north slope,7,1961,2014,54,0,2015,2020,5,1,FALSE
Flawil,FLW,NA,2733136.69,1252977.72,9.20288611,47.4141417,571,North-eastern plateau,3,1961,2020,60,0,2015,2020,5,1,FALSE
Fruence,FRC,NA,2558813.1,1152867,6.90184722,46.5258306,810,Western plateau,5,1978,2020,43,0,NA,NA,NA,NA,FALSE
Bullet / La Fr√©taz,FRE,6619,2534225.12,1188081.79,6.57636944,46.8406222,1205.43,Western Jura,2,1979,2020,42,0,1982,2021,40,0,TRUE
Frauenfeld,FRF,NA,2709480.92,1270169.63,8.89371111,47.5730972,393,North-eastern plateau,3,1961,2020,60,0,NA,NA,NA,NA,FALSE
Frick,FRI,NA,2643355.73,1262700.29,8.01418889,47.5136167,345,Eastern Jura,1,1961,2020,60,0,NA,NA,NA,NA,FALSE
Frutigen,FRU,6613,2616773.49,1160883.78,7.65754167,46.5990028,756,Western Alpine North- slope,8,1961,2020,59,1,2015,2020,5,1,FALSE
Gadmen,GAD,NA,2669750.53,1176609.69,8.35126944,46.7370306,1190,Western Alpine North- slope,8,1961,2020,60,0,NA,NA,NA,NA,FALSE
Gen√®ve / A√Øre,GEA,NA,2495934.35,1116925.2,6.09050833,46.1957417,376,Western plateau,5,1969,2020,52,0,NA,NA,NA,NA,FALSE
"Gempen, SO",GEP,NA,2616260.53,1260400.49,7.65441667,47.4941611,585,Eastern Jura,1,1970,2020,51,0,NA,NA,NA,NA,FALSE
Grossh√∂chstetten,GHS,NA,2616015.15,1194884.94,7.64883333,46.9048778,755,Central plateau,4,1961,2020,60,0,NA,NA,NA,NA,FALSE
Giswil,GIH,6657,2657322.9,1188976.05,8.190225,46.84945,471,Central Alpine north slope,7,1978,2020,43,0,2010,2020,10,1,FALSE
Gr√ºningen,GIN,NA,2698752.86,1236665.81,8.74375278,47.2735,535,North-eastern plateau,3,1961,2020,59,1,NA,NA,NA,NA,FALSE
Glarus,GLA,6685,2723756.57,1210567.29,9.06696111,47.0345861,516.62,Eastern Alpine north slope,6,1961,2020,60,0,1982,2021,40,0,TRUE
G√∂scheneralp,GOA,NA,2681253.45,1166803.68,8.500025,46.647525,1745,Central Alpine north slope,7,1970,2020,51,0,2014,2020,7,0,FALSE
G√∂sgen,GOE,6626,2640422.22,1245949.32,7.97373333,47.3631472,380.49,Central plateau,4,1989,2020,32,0,1989,2021,33,0,TRUE
G√∂schenen,GOS,6668,2688477.46,1171925.64,8.59536389,46.6926778,950.3,Central Alpine north slope,7,1961,2015,55,0,2016,2020,4,1,FALSE
Fribourg / Grangeneuve,GRA,6625,2575183.76,1180076.4,7.11373611,46.7714,650.6,Western plateau,5,1961,2020,58,2,2011,2020,9,1,FALSE
Gr√§chen,GRC,6728,2630738.43,1116062,7.83682222,46.1953139,1605,Valais,10,1961,2020,60,0,2013,2020,7,1,FALSE
Grimsel Hospiz,GRH,6744,2668583.3,1158214.72,8.33325556,46.5716889,1980,Western Alpine North- slope,8,1961,2020,60,0,1990,2021,32,0,TRUE
Grimentz,GRI,NA,2610767.53,1114288.69,7.57808056,46.1799778,1512,Valais,10,1961,2020,60,0,NA,NA,NA,NA,FALSE
Grono,GRO,6758,2733017.56,1124089.4,9.16375833,46.255075,323.52,Alpine south side,12,1961,2020,60,0,2013,2020,8,0,FALSE
Gryon,GRY,NA,2571519.59,1125125.27,7.06915,46.2769417,1146,Western Alpine North- slope,8,1961,2020,60,0,NA,NA,NA,NA,FALSE
Col du Grand St-Bernard,GSB,6717,2579191.13,1079754.16,7.17068333,45.8690917,2472,Alpine south side,12,1961,2020,59,1,1982,2021,38,2,TRUE
"Gsteig, Gstaad",GSG,NA,2587686,1136142,7.27859167,46.3765333,1196,Western Alpine North- slope,8,1961,2020,60,0,2014,2020,6,1,FALSE
"Gross, SZ",GSS,NA,2701799.74,1218840.84,8.77998611,47.1127306,897,Central Alpine north slope,7,1974,2020,47,0,NA,NA,NA,NA,FALSE
Guttannen,GTT,NA,2665296.52,1167600.66,8.29171667,46.6564444,1055,Western Alpine North- slope,8,1961,2020,60,0,2014,2020,6,1,FALSE
"G√ºtsch, Andermatt",GUE,6750,2690087,1167480,8.61553056,46.652475,2286,Central Alpine north slope,7,1961,2020,60,0,1982,2021,38,2,TRUE
Guglera,GUG,NA,2585039.83,1177635.06,7.24285278,46.7497333,877,Western Alpine North- slope,8,1961,2020,59,1,NA,NA,NA,NA,FALSE
G√ºttingen,GUT,6621,2738422.63,1273962.16,9.27942778,47.6017333,440.02,North-eastern plateau,3,1978,2020,43,0,1982,2021,40,0,TRUE
Gen√®ve / Cointrin,GVE,6700,2498904.44,1122631.74,6.12774167,46.2475194,410.88,Western plateau,5,1961,2020,60,0,1982,2021,40,0,TRUE
Grindelwald,GWA,NA,2643511.3,1163246.8,8.0067,46.6190556,1107,Western Alpine North- slope,8,1962,2020,58,1,NA,NA,NA,NA,FALSE
Salen-Reutenen,HAI,6623,2719100.41,1279046.64,9.02391111,47.6512417,718.7,North-eastern plateau,3,1961,2020,60,0,2010,2020,10,1,FALSE
Hausen am Albis,HAU,NA,2682060.83,1232659.88,8.52245,47.2397583,590,Central plateau,4,1977,2020,44,0,NA,NA,NA,NA,FALSE
Herzogenbuchsee,HEB,NA,2620889.42,1226910.22,7.71428333,47.1928083,482,Central plateau,4,1961,2020,60,0,NA,NA,NA,NA,FALSE
Hessigkofen,HEK,NA,2602350.31,1221220.35,7.46962222,47.1419556,580,Central plateau,4,1978,2020,43,0,NA,NA,NA,NA,FALSE
H√©r√©mence,HER,NA,2597355.39,1114091.86,7.40438889,46.1782889,1218,Valais,10,1961,2020,58,2,NA,NA,NA,NA,FALSE
Herisau,HES,NA,2737730.71,1250829.69,9.26308056,47.3938833,700,North-eastern plateau,3,1961,2020,60,0,NA,NA,NA,NA,FALSE
Hinwil,HIW,NA,2706160.5,1240132.8,8.84245278,47.3035306,577,North-eastern plateau,3,1962,2020,59,0,NA,NA,NA,NA,FALSE
Hallau,HLL,6624,2677456.5,1283471.8,8.47046389,47.6972778,419,North-eastern plateau,3,1961,2020,60,0,2012,2020,9,0,FALSE
Hondrich,HON,NA,2618524.97,1169129.74,7.68073056,46.6731333,760,Western Alpine North- slope,8,1962,2020,59,0,NA,NA,NA,NA,FALSE
Hoch-Ybrig,HOY,NA,2702760.69,1207629.81,8.79010278,47.0117528,1458,Central Alpine north slope,7,1974,2020,47,0,NA,NA,NA,NA,FALSE
Herbetswil,HTW,NA,2611291,1238440,7.58791667,47.2967472,544,Western Jura,2,1961,2020,60,0,NA,NA,NA,NA,FALSE
Huttwil,HUT,NA,2630261.45,1218189.13,7.83736389,47.1140028,633,Central plateau,4,1973,2020,48,0,2014,2020,7,0,FALSE
Ilanz,ILZ,6789,2735686.16,1181965.43,9.21535278,46.7750389,698,Northern and central Grisons,9,1961,2020,60,0,2014,2020,6,1,FALSE
Innerthal,INN,NA,2712079.74,1218325.83,8.91528333,47.1064389,903,Eastern Alpine north slope,6,1962,2020,59,0,2014,2020,6,1,FALSE
Interlaken,INT,6734,2633023.19,1169091.9,7.87019444,46.6722333,577.34,Western Alpine North- slope,8,1961,2020,60,0,1982,2021,40,0,TRUE
Isenthal,IST,NA,2685460.64,1196109.67,8.56044722,46.9105917,778,Central Alpine north slope,7,1961,2020,60,0,NA,NA,NA,NA,FALSE
Jaun,JAU,NA,2587532.75,1162270.01,7.27589444,46.6115694,1029,Western Alpine North- slope,8,1961,2020,60,0,NA,NA,NA,NA,FALSE
Jussy,JUS,NA,2508909.48,1120364.14,6.25789722,46.2285528,466,Western plateau,5,1961,2020,60,0,NA,NA,NA,NA,FALSE
"Kaiserstuhl, AG",KAI,NA,2673335.12,1269332.98,8.41323056,47.5706028,361,North-eastern plateau,3,1961,2020,59,1,2019,2020,1,1,FALSE
K√ºssnacht am Rigi,KAR,NA,2675328.77,1216759.84,8.43089167,47.0975528,502,Central Alpine north slope,7,1962,2020,59,0,NA,NA,NA,NA,FALSE
Kandersteg,KAS,NA,2618312.8,1149197.81,7.67716667,46.4938417,1178,Western Alpine North- slope,8,1961,2020,60,0,2016,2020,5,0,FALSE
"Kirchberg, SG",KIB,NA,2717906.6,1253595.4,9.00128333,47.4226,742,North-eastern plateau,3,1976,2020,45,0,NA,NA,NA,NA,FALSE
Klosters,KLA,NA,2786857.94,1193365.92,9.88970278,46.8651528,1186,Northern and central Grisons,9,1961,2013,53,0,2014,2020,7,0,FALSE
Z√ºrich / Kloten,KLO,6670,2682711.05,1259338.64,8.53596111,47.4796111,426.26,North-eastern plateau,3,1961,2020,60,0,1982,2021,40,0,TRUE
Kl√∂ntal,KLT,NA,2718775.72,1210699.75,9.00147778,47.0366889,855,Eastern Alpine north slope,6,1961,2020,60,0,NA,NA,NA,NA,FALSE
Koppigen,KOP,6635,2612663.29,1218664.69,7.60550278,47.11885,485.2,Central plateau,4,1962,2020,59,0,2012,2020,9,0,FALSE
Kronberg,KRO,NA,2742873.66,1239564.69,9.32758889,47.2914944,1645,Eastern Alpine north slope,6,1974,2020,47,0,NA,NA,NA,NA,FALSE
Kleine Scheidegg,KSE,6736,2639925.11,1159424.74,7.95955,46.5848972,2061,Western Alpine North- slope,8,1962,2020,59,0,NA,NA,NA,NA,FALSE
Kurzeneialp,KUA,NA,2630575.42,1207010.04,7.84074722,47.0134333,894,Central plateau,4,1962,2020,59,0,NA,NA,NA,NA,FALSE
"K√ºsnacht, ZH",KUE,NA,2686705.85,1240572.83,8.58531667,47.3103306,412,North-eastern plateau,3,1961,2020,60,0,NA,NA,NA,NA,FALSE
Langenbruck,LAB,NA,2624250.5,1244720.27,7.75959444,47.3528861,731,Western Jura,2,1961,2020,59,1,2013,2020,8,0,FALSE
Lachen / Galgenen,LAC,6665,2707638.08,1226334.18,8.85868611,47.1791972,468,North-eastern plateau,3,1961,2020,60,0,2016,2020,5,0,FALSE
Langnau i.E.,LAG,6638,2628004.1,1198793.1,7.806425,46.9396333,743.8,Central Alpine north slope,7,1961,2020,60,0,2011,2020,9,1,FALSE
Landquart,LAN,NA,2762680.78,1203709.85,9.57642778,46.9645194,537,Northern and central Grisons,9,1961,2020,59,1,NA,NA,NA,NA,FALSE
Laupen,LAP,NA,2584946.03,1196242.16,7.24101111,46.9171083,483,Central plateau,4,1973,2020,48,0,NA,NA,NA,NA,FALSE
Berg√ºn / Latsch,LAT,6642,2777274.07,1166618.33,9.75370556,46.627275,1407.85,Northern and central Grisons,9,1974,2020,46,1,2015,2020,5,1,FALSE
Lenzerheide,LEH,NA,2761860.84,1175889.71,9.55579167,46.7145583,1400,Northern and central Grisons,9,1962,2020,59,0,NA,NA,NA,NA,FALSE
Leibstadt,LEI,6666,2656374.5,1272121.86,8.1882,47.5973611,341.08,Eastern Jura,1,1989,2020,32,0,1989,2021,33,0,TRUE
Leukerbad,LEU,NA,2614082.63,1135090.04,7.62163889,46.3670361,1286,Valais,10,1961,2020,60,0,2013,2020,7,1,FALSE
Laufenburg,LFB,NA,2646357.8,1266514.29,8.05443889,47.5477139,329,Eastern Jura,1,1961,2020,60,0,NA,NA,NA,NA,FALSE
Langnau am Albis,LGA,NA,2682205.85,1237809.85,8.52530833,47.2860583,579,North-eastern plateau,3,1973,2020,48,0,NA,NA,NA,NA,FALSE
Pleigne,LOB,NA,2587683.47,1251978.54,7.27542778,47.4185,738,Eastern Jura,1,1961,2020,59,1,NA,NA,NA,NA,FALSE
Le Locle,LOC,NA,2546612.57,1212177.51,6.73592222,47.0584694,1015,Western Jura,2,1961,2020,60,0,NA,NA,NA,NA,FALSE
"Lohn, SH",LOH,NA,2692911.18,1289774.66,8.67763611,47.7519444,585,North-eastern plateau,3,1961,2020,60,0,2013,2020,8,0,FALSE
Longirod,LON,NA,2509386.5,1150106.64,6.25828056,46.4961389,900,Western plateau,5,1961,2020,59,1,2014,2020,6,1,FALSE
Lorzentobel,LOT,NA,2684590.81,1226109.84,8.55463056,47.1805306,536,Central plateau,4,1962,2020,59,0,NA,NA,NA,NA,FALSE
Lausanne,LSN,NA,2538975.6,1153256.42,6.64326667,46.5278194,601,Western plateau,5,1961,2020,60,0,2013,2020,7,1,FALSE
Lauterbrunnen,LTB,NA,2635851.14,1160290.62,7.90646389,46.5929167,815,Western Alpine North- slope,8,1961,2020,60,0,2015,2020,5,1,FALSE
Lugano,LUG,6770,2717874.08,1095882.99,8.96032222,46.0042167,273,Alpine south side,12,1961,2020,60,0,1982,2021,40,0,TRUE
Lungern,LUN,NA,2655275.51,1181799.78,8.16251389,46.7850722,740,Central Alpine north slope,7,1962,2020,59,0,NA,NA,NA,NA,FALSE
Luthern,LUT,NA,2636465.49,1212020.04,7.91861111,47.0582,767,Central plateau,4,1961,2020,60,0,NA,NA,NA,NA,FALSE
Luzern,LUZ,6650,2665544.62,1209849.55,8.30102222,47.0364389,454.32,Central plateau,4,1961,2020,60,0,1982,2021,40,0,TRUE
Martigny,MAB,NA,2570919.25,1106546.23,7.06251667,46.1097889,461,Valais,10,1961,2020,40,20,2016,2020,4,1,FALSE
Morges,MAC,NA,2528808.54,1152121.59,6.51093889,46.5166083,374,Western plateau,5,1962,2020,59,0,NA,NA,NA,NA,FALSE
Madiswil,MAD,NA,2629396.6,1223378.4,7.82630556,47.1607167,663,Central plateau,4,1973,2020,48,0,NA,NA,NA,NA,FALSE
Magadino / Cadenazzo,MAG,6762,2715479.98,1113160.82,8.93367222,46.160025,203.2,Alpine south side,12,1961,2020,60,0,1982,2021,40,0,TRUE
Mathod,MAH,6618,2533457.71,1176567.6,6.56798333,46.7369778,435.28,Western plateau,5,1992,2020,27,2,1993,2021,28,1,TRUE
Malbun,MAL,NA,2764702.7,1219184.4,9.60860833,47.1031611,1610,Eastern Alpine north slope,6,1976,2020,45,0,2016,2020,4,1,FALSE
Les Mar√©cottes,MAR,6614,2567374.27,1107577.3,7.01659722,46.1189028,990,Valais,10,1962,2020,59,0,2015,2020,5,1,FALSE
Marsens,MAS,6640,2571757.9,1167316.87,7.06966944,46.6564861,714.5,Western Alpine North- slope,8,1961,2020,60,0,2014,2020,6,1,FALSE
Martina,MAT,NA,2830465.03,1196986.24,10.4630306,46.8840111,1041,Engadine,11,1961,2020,60,0,2013,2020,7,1,FALSE
"Marbach, LU",MBA,NA,2635347.42,1189679.99,7.90215833,46.8573111,864,Central Alpine north slope,7,1961,2020,60,0,NA,NA,NA,NA,FALSE
Moudon,MDO,NA,2551368.74,1169636.43,6.80305833,46.6761778,563,Western plateau,5,1961,2020,59,1,NA,NA,NA,NA,FALSE
Meiringen,MER,6637,2655844.42,1175929.73,8.16924722,46.7322222,588.6,Western Alpine North- slope,8,1961,2020,60,0,2011,2020,9,1,FALSE
Mesocco,MES,NA,2737851.72,1139822.38,9.23109167,46.3955917,825,Alpine south side,12,1961,2020,60,0,NA,NA,NA,NA,FALSE
Mervelier,MEV,NA,2603884.44,1243975.35,7.49004167,47.3466194,540,Western Jura,2,1961,2020,59,1,2014,2020,6,1,FALSE
Mogelsberg,MGB,NA,2728219.71,1247006.68,9.13603889,47.361425,766,North-eastern plateau,3,1974,2020,47,0,NA,NA,NA,NA,FALSE
Morgins,MGI,NA,2554719.43,1120680.33,6.85163333,46.2360361,1340,Western Alpine North- slope,8,1976,2020,45,0,NA,NA,NA,NA,FALSE
Magglingen,MGL,NA,2583037.18,1221115.52,7.21502222,47.1408,883,Western Jura,2,1967,2020,54,0,2013,2020,8,0,FALSE
Le Mol√©son,MLS,6609,2567718.29,1155076.76,7.01775278,46.5461972,1974.34,Western Alpine North- slope,8,1982,2020,38,1,1983,2021,39,0,TRUE
Mormont,MMO,NA,2569727.24,1254223.54,7.03733333,47.4381111,535,Eastern Jura,1,1961,2020,60,0,2015,2020,5,1,FALSE
Mosen,MOA,6644,2660128.6,1232852.1,8.23283056,47.2438472,453.04,Central plateau,4,1961,2020,60,0,2013,2020,8,0,FALSE
"Montagnier, Bagnes",MOB,6615,2583491.37,1102189.07,7.22527222,46.0710194,839,Valais,10,1961,2020,59,1,2017,2020,3,1,FALSE
M√∂hlin,MOE,6641,2633053.72,1269147.42,7.87791111,47.5721972,343,Eastern Jura,1,1961,2020,60,0,2010,2020,10,1,FALSE
Morbio Superiore,MOS,NA,2723520.18,1080124.47,9.02906667,45.8614861,594,Alpine south side,12,1975,2020,46,0,NA,NA,NA,NA,FALSE
Moutier,MOU,NA,2594939.37,1235698.45,7.37176111,47.2721667,579,Western Jura,2,1970,2020,51,0,NA,NA,NA,NA,FALSE
Mosogno,MSG,NA,2692803,1117049.21,8.64091389,46.1985028,771,Alpine south side,12,1961,2020,60,0,2015,2020,5,1,FALSE
Monstein,MST,NA,2778426.92,1176002.81,9.7724,46.71135,1633,Northern and central Grisons,9,1974,2020,47,0,NA,NA,NA,NA,FALSE
Mottec,MTE,6716,2614324.42,1110729.94,7.62403333,46.1478972,1580,Valais,10,1974,2020,47,0,2016,2020,5,0,FALSE
M√ºhleberg,MUB,6636,2587792.9,1202480.05,7.27821667,46.9732778,479.785,Central plateau,4,1989,2020,32,0,1989,2021,33,0,TRUE
M√ºrren,MUE,NA,2634611,1156091.64,7.88996667,46.5552111,1632,Western Alpine North- slope,8,1962,2020,59,0,NA,NA,NA,NA,FALSE
"Muri, AG",MUR,NA,2667276.81,1235322.92,8.32760833,47.2653806,577,Central plateau,4,1961,2020,60,0,2013,2020,7,1,FALSE
M√ºstair,MUS,NA,2831186.06,1169358.05,10.4585194,46.6354194,1248,Engadine,11,1974,2020,47,0,NA,NA,NA,NA,FALSE
Murten,MUT,NA,2576991.01,1199048.16,7.13643889,46.9421194,433,Western plateau,5,1962,2020,59,0,NA,NA,NA,NA,FALSE
Montana,MVE,6724,2601708.75,1127488.92,7.46081389,46.2988056,1422.86,Valais,10,1961,2020,60,0,1982,2021,40,0,TRUE
Napf,NAP,6639,2638137.45,1206079.01,7.94011667,47.0046667,1403.98,Central Alpine north slope,7,1979,2020,42,0,1982,2021,40,0,TRUE
Nesselboden,NEB,NA,2605295.31,1232697.36,7.50858056,47.2451694,1055,Western Jura,2,1974,2020,42,5,2014,2020,6,1,FALSE
Neuch√¢tel,NEU,6604,2563086.69,1205559.99,6.95329722,47.0000667,485,Western plateau,5,1961,2020,60,0,1982,2021,40,0,TRUE
Niederneunforn,NIE,NA,2700861.01,1272509.72,8.7797,47.5955194,440,North-eastern plateau,3,1961,2020,60,0,NA,NA,NA,NA,FALSE
Obstalden,OBD,NA,2730891.79,1219536.74,9.16340833,47.1138778,689,Eastern Alpine north slope,6,1961,2020,60,0,NA,NA,NA,NA,FALSE
Oberiberg,OBI,NA,2701841.72,1210463.81,8.77865556,47.0373833,1075,Central Alpine north slope,7,1961,2020,60,0,2016,2020,4,1,FALSE
Ehrendingen,OED,NA,2667833,1262320,8.33904722,47.508125,428,North-eastern plateau,3,1976,2020,45,0,2014,2020,6,1,FALSE
Olivone,OLI,NA,2714903.53,1154143.58,8.93633611,46.5287194,890,Alpine south side,12,1962,2020,59,0,NA,NA,NA,NA,FALSE
Opfikon,OPF,NA,2684614.95,1254697.83,8.56033889,47.4376333,424,North-eastern plateau,3,1974,2020,47,0,2016,2020,4,1,FALSE
Orsi√®res,ORS,NA,2577021.23,1096695.14,7.14191944,46.0214111,929,Valais,10,1969,2020,52,0,2013,2020,8,0,FALSE
Orzens,ORZ,NA,2542134.74,1174815.51,6.68173056,46.7220278,624,Western plateau,5,1974,2020,47,0,NA,NA,NA,NA,FALSE
Otelfingen,OTE,NA,2671521,1257079.97,8.38715833,47.4606111,435,North-eastern plateau,3,1962,2020,59,0,NA,NA,NA,NA,FALSE
Locarno / Monti,OTL,6760,2704166.7,1114315.88,8.78749444,46.1722556,366.98,Alpine south side,12,1961,2020,60,0,1982,2021,40,0,TRUE
Payerne / Ville,PAV,NA,2561614.83,1187040.23,6.93550556,46.8333972,447,Western plateau,5,1961,2020,60,0,NA,NA,NA,NA,FALSE
Payerne,PAY,6610,2562130.87,1184611.52,6.94246944,46.8115806,490,Western plateau,5,1966,2020,55,0,1982,2021,40,0,TRUE
Les Ponts-de-Martel,PDM,NA,2545886.63,1205407.33,6.727175,46.9975139,1052,Western Jura,2,1961,2020,60,0,NA,NA,NA,NA,FALSE
"Pf√§ffikon, ZH",PFA,NA,2700555.9,1246927.79,8.76987778,47.3655167,540,North-eastern plateau,3,1961,2020,60,0,NA,NA,NA,NA,FALSE
Pigniu,PIG,NA,2727950.63,1185714.6,9.11514167,46.8102861,1325,Northern and central Grisons,9,1961,2020,60,0,NA,NA,NA,NA,FALSE
Pilatus,PIL,6659,2661904.61,1203410.13,8.25225556,46.9788694,2105.44,Central Alpine north slope,7,1981,2020,40,0,1982,2021,39,1,TRUE
Piotta,PIO,6753,2695880.58,1152264.13,8.68803889,46.5148111,990,Alpine south side,12,1981,2020,40,0,1982,2021,40,0,TRUE
Plaffeien,PLF,6628,2586828.17,1177406.56,7.26626389,46.7477167,1042.49,Western Alpine North- slope,8,1989,2020,31,1,1990,2021,32,0,TRUE
Pontresina,PON,NA,2787950,1153832.3,9.887825,46.5093944,1787,Engadine,11,1973,2020,48,0,NA,NA,NA,NA,FALSE
Ponte Tresa,POT,NA,2710110.03,1091628.92,8.85912222,45.9672667,274,Alpine south side,12,1961,2020,60,0,NA,NA,NA,NA,FALSE
W√ºrenlingen / PSI,PSI,6647,2659356.3,1265381,8.22694444,47.536475,334,North-eastern plateau,3,1992,2020,28,1,1993,2021,29,0,TRUE
Punt la Drossa,PUD,NA,2810567.02,1170637.95,10.19,46.6537472,1713,Engadine,11,1975,2020,46,0,NA,NA,NA,NA,FALSE
Pully,PUY,6711,2540819.05,1151510.61,6.66751667,46.5122833,455.61,Western plateau,5,1962,2020,59,0,1982,2021,40,0,TRUE
Bad Ragaz,RAG,6686,2756911.1,1209350.66,9.50259444,47.0166306,496.5,Northern and central Grisons,9,1961,2020,59,1,2012,2020,8,1,FALSE
Reigoldswil,REG,NA,2617700.48,1249870.36,7.67310833,47.3994139,602,Eastern Jura,1,1962,2020,59,0,NA,NA,NA,NA,FALSE
Z√ºrich / Affoltern,REH,6664,2681433.06,1253547.99,8.51795278,47.4276944,443.53,North-eastern plateau,3,1962,2020,59,0,1982,2021,40,0,TRUE
Rempen,REM,NA,2710610.77,1221849.82,8.89679722,47.1383778,650,Eastern Alpine north slope,6,1970,2020,51,0,2016,2020,4,1,FALSE
Ricken,RIC,NA,2722680.77,1235901.76,9.05969722,47.2626167,836,North-eastern plateau,3,1961,2020,60,0,NA,NA,NA,NA,FALSE
Riex,RIX,NA,2546079.64,1149410.4,6.73630278,46.4938333,461,Western plateau,5,1962,2020,59,0,NA,NA,NA,NA,FALSE
Poschiavo / Robbia,ROB,6794,2801993.96,1136248.61,10.0630306,46.3472167,1078,Alpine south side,12,1961,2020,60,0,1982,2021,40,0,TRUE
Robi√®i,ROE,6751,2682587.68,1144090.99,8.51338889,46.4430667,1898,Alpine south side,12,1991,2020,30,0,1992,2021,30,0,TRUE
Romont,ROM,NA,2561475.71,1172622.2,6.93489444,46.7036944,692,Western plateau,5,1961,2020,60,0,2016,2020,4,1,FALSE
Rothenbrunnen,ROT,NA,2751220.85,1181299.6,9.41846667,46.7657056,622,Northern and central Grisons,9,1971,2020,50,0,2017,2020,4,0,FALSE
R√ºnenberg,RUE,6645,2633252.64,1253846.08,7.87941389,47.4345722,611.17,Eastern Jura,1,1983,2020,38,0,1983,2021,39,0,TRUE
S√§ntis,SAE,6680,2744188.01,1234920.31,9.34346944,47.2494472,2501.47,Eastern Alpine north slope,6,1961,2020,60,0,1982,2021,40,0,TRUE
"Sattel, SZ",SAG,6662,2691000.04,1215145.22,8.63696667,47.0810639,790.1,Central Alpine north slope,7,1961,2020,60,0,2014,2020,7,0,FALSE
Saignel√©gier,SAI,NA,2565349.19,1234100.69,6.98085556,47.2569056,883,Western Jura,2,1961,2020,60,0,2016,2020,4,1,FALSE
Samedan,SAM,6792,2787250.87,1155684.8,9.87946944,46.5262472,1708.51,Engadine,11,1981,2020,40,0,1982,2021,40,0,TRUE
Safien Platz,SAP,NA,2743556.77,1171436.52,9.31507778,46.6787028,1296,Northern and central Grisons,9,1961,2020,60,0,2017,2020,3,1,FALSE
Sargans,SAR,NA,2752065.8,1213348.4,9.44023056,47.0537083,585,Northern and central Grisons,9,1961,2020,60,0,NA,NA,NA,NA,FALSE
Salez / Saxerriet,SAX,NA,2755558.55,1233373.78,9.49308611,47.2329611,436,Eastern Alpine north slope,6,1962,2020,59,0,2017,2020,4,0,FALSE
S. Bernardino,SBE,6783,2734116.41,1147293.65,9.1847,46.4635417,1638.7,Alpine south side,12,1969,2020,52,0,1982,2021,40,0,TRUE
Stabio,SBO,6771,2716048.8,1077971.66,8.93236389,45.8434444,351.32,Alpine south side,12,1981,2020,39,1,1982,2021,40,0,TRUE
Sch√§nis,SCA,NA,2719940.78,1225579.77,9.02075278,47.1702972,415,Eastern Alpine north slope,6,1962,2020,59,0,NA,NA,NA,NA,FALSE
Scudellate,SCD,NA,2724253.1,1086841.6,9.04026667,45.9217611,920,Alpine south side,12,1975,2020,45,1,NA,NA,NA,NA,FALSE
Schwarzenegg,SCE,NA,2621687.15,1183859.92,7.72275278,46.8055444,902,Western Alpine North- slope,8,1961,2020,60,0,NA,NA,NA,NA,FALSE
Schleitheim,SCH,NA,2678236.17,1288716.74,8.48177778,47.74435,497,North-eastern plateau,3,1961,2020,60,0,NA,NA,NA,NA,FALSE
Scuol,SCU,6798,2817138.9,1186393.35,10.2832667,46.793275,1303.93,Engadine,11,1961,2020,60,0,1982,2021,40,0,TRUE
Spl√ºgen,SDO,NA,2744420.82,1157434.55,9.32197222,46.5525972,1460,Northern and central Grisons,9,1961,2020,60,0,NA,NA,NA,NA,FALSE
Sedrun,SED,NA,2699974.37,1169844.6,8.74519167,46.6723361,1429,Northern and central Grisons,9,1961,2020,60,0,NA,NA,NA,NA,FALSE
Semsales,SEM,NA,2561108.61,1158427.24,6.93129444,46.5759861,874,Western plateau,5,1970,2020,51,0,NA,NA,NA,NA,FALSE
Sevelen,SEV,NA,2755605.62,1221301.77,9.48953889,47.1244028,457,Eastern Alpine north slope,6,1961,2020,60,0,NA,NA,NA,NA,FALSE
Stiegelschwand,SGD,NA,2607278.66,1148536.01,7.53343333,46.4881,1466,Western Alpine North- slope,8,1974,2020,47,0,NA,NA,NA,NA,FALSE
Schaffhausen,SHA,6620,2688703.87,1282803.38,8.62014167,47.6898417,438.38,North-eastern plateau,3,1961,2020,60,0,1982,2021,40,0,TRUE
Segl-Maria,SIA,6779,2778576.02,1144976.1,9.762325,46.4323306,1804,Engadine,11,1961,2020,60,0,2014,2020,6,1,FALSE
Siebnen,SIE,NA,2710821.81,1225537.8,8.90048333,47.1715111,452,North-eastern plateau,3,1962,2020,59,0,2016,2020,4,1,FALSE
Sihlbrugg,SIH,NA,2686318.83,1230585.84,8.57828333,47.2205611,549,North-eastern plateau,3,1962,2020,59,0,2015,2020,5,1,FALSE
Simplon-Dorf,SIM,6654,2647682.58,1116339.61,8.05633611,46.196825,1465,Alpine south side,12,1962,2020,59,0,2017,2020,4,0,FALSE
Sion,SIO,6720,2591632.82,1118583.84,7.33020278,46.21865,482,Valais,10,1961,2020,60,0,1982,2021,40,0,TRUE
Z√ºrich / Fluntern,SMA,6660,2685117.87,1248065.64,8.56574167,47.377925,555.95,North-eastern plateau,3,1961,2020,60,0,1982,2021,40,0,TRUE
"Sta. Maria, Val M√ºstair",SMM,6796,2828862.35,1165579.69,10.4263139,46.6022556,1386.2,Engadine,11,1961,2020,60,0,2012,2020,9,0,FALSE
Seengen,SNG,NA,2656680.79,1242110.07,8.18846111,47.3274194,445,Central plateau,4,1961,2020,60,0,NA,NA,NA,NA,FALSE
Stans,SNS,NA,2669015.72,1202411.85,8.34555833,46.9691889,439,Central Alpine north slope,7,1977,2020,44,0,NA,NA,NA,NA,FALSE
Soglio,SOG,NA,2761393.92,1134473.59,9.53520833,46.3422444,1086,Alpine south side,12,1961,2020,60,0,2015,2020,5,1,FALSE
Sempach,SPA,NA,2657433.8,1220759.97,8.19569722,47.135325,532,Central plateau,4,1962,2020,59,0,NA,NA,NA,NA,FALSE
St. Peterzell,SPZ,NA,2731250.69,1242139.71,9.174725,47.3170639,700,Eastern Alpine north slope,6,1961,2020,60,0,NA,NA,NA,NA,FALSE
Sierre,SRE,NA,2609137.6,1127458.14,7.55723056,46.2984694,536,Valais,10,1961,2020,60,0,NA,NA,NA,NA,FALSE
Sarnen,SRN,NA,2661580.62,1193689.86,8.24668333,46.8914694,475,Central Alpine north slope,7,1961,2020,60,0,NA,NA,NA,NA,FALSE
Starkenbach,STB,NA,2737313.77,1227575.79,9.25044722,47.1848667,897,Eastern Alpine north slope,6,1961,2020,60,0,2014,2020,6,1,FALSE
Steckborn,STE,NA,2715170.01,1280179.59,8.97190278,47.6621306,399,North-eastern plateau,3,1961,2020,60,0,NA,NA,NA,NA,FALSE
St. Gallen,STG,6681,2747865.85,1254587.7,9.39852778,47.425475,775.66,North-eastern plateau,3,1961,2020,60,0,1982,2021,40,0,TRUE
St. Urban,STU,NA,2630369.5,1229411.2,7.83954167,47.2149361,488,Central plateau,4,1961,2020,60,0,NA,NA,NA,NA,FALSE
Schaan,SUA,NA,2755510.62,1228259.73,9.49068611,47.1869889,444,Eastern Alpine north slope,6,1970,2020,51,0,2016,2020,4,1,FALSE
Susch,SUS,NA,2802002.88,1181593.04,10.0830111,46.7548833,1416,Engadine,11,1961,2020,60,0,2013,2020,7,1,FALSE
Savognin,SVG,NA,2765387.9,1162662.6,9.59714167,46.5947528,1172,Northern and central Grisons,9,1961,2020,60,0,2013,2020,7,1,FALSE
Schw√§galp,SWA,NA,2742180.63,1235649.74,9.31719167,47.2564417,1348,Eastern Alpine north slope,6,1973,2020,48,0,NA,NA,NA,NA,FALSE
Schwarzenburg,SZB,NA,2593150,1184720.03,7.34888333,46.8135972,806,Central plateau,4,1961,2020,59,1,NA,NA,NA,NA,FALSE
Aadorf / T√§nikon,TAE,6679,2710518.25,1259824.07,8.90492778,47.4798917,539,North-eastern plateau,3,1971,2020,50,0,1982,2021,40,0,TRUE
Tamins,TAM,NA,2750155.75,1188613.73,9.40693056,46.8317194,667,Northern and central Grisons,9,1969,2020,52,0,NA,NA,NA,NA,FALSE
Wald / Tanne,TAW,NA,2757025.49,1254229.57,9.51975278,47.4201333,1075,Eastern Alpine north slope,6,1977,2020,44,0,NA,NA,NA,NA,FALSE
Tour de Gourze,TDG,NA,2546452.61,1151241.44,6.74094722,46.5103361,915,Western plateau,5,1962,2020,59,0,NA,NA,NA,NA,FALSE
"Teufen, AR",TEU,NA,2747784.63,1250408.59,9.39606944,47.3879167,834,Eastern Alpine north slope,6,1961,2020,60,0,NA,NA,NA,NA,FALSE
Linthal / Tierfehd,TFD,NA,2717770.7,1193169.61,8.98371667,46.8792111,810,Eastern Alpine north slope,6,1970,2020,51,0,NA,NA,NA,NA,FALSE
Thusis,THS,NA,2753155.8,1175088.51,9.44171111,46.7094111,672,Northern and central Grisons,9,1961,2020,60,0,2013,2020,7,1,FALSE
Thun,THU,6731,2611200.69,1177640.11,7.58522222,46.7498528,570,Western Alpine North- slope,8,1961,2020,60,0,2013,2020,8,0,FALSE
Tiefencastel,TIC,NA,2763442.83,1170267.64,9.57447222,46.6636194,897,Northern and central Grisons,9,1962,2020,59,0,NA,NA,NA,NA,FALSE
Trogen,TRO,NA,2752170.56,1251769.61,9.4546,47.3991556,975,Eastern Alpine north slope,6,1974,2020,47,0,NA,NA,NA,NA,FALSE
Trun,TRU,NA,2719985.57,1178223.61,9.00884167,46.7443972,834,Northern and central Grisons,9,1962,2020,59,0,2013,2020,7,1,FALSE
Tschiertschen,TST,NA,2765538.87,1187678.7,9.60814167,46.8196639,1273,Northern and central Grisons,9,1961,2020,60,0,2014,2020,7,0,FALSE
B√∂zberg,UBB,NA,2652249.82,1259223.15,8.13184722,47.4816972,536,Western Jura,2,1961,2020,60,0,2014,2020,6,1,FALSE
Ulrichen,ULR,6745,2666747.69,1150766.73,8.30823611,46.5048806,1345.87,Valais,10,1981,2020,40,0,1982,2021,40,0,TRUE
Unterkulm,UNK,NA,2650838.74,1241212.09,8.11108056,47.3198194,454,Central plateau,4,1961,2020,59,1,2013,2020,8,0,FALSE
Urnerboden,URB,NA,2712650.68,1195249.71,8.917075,46.8988056,1395,Eastern Alpine north slope,6,1962,2020,59,0,NA,NA,NA,NA,FALSE
Urn√§sch,URN,NA,2739206,1241761,9.27979722,47.3120278,825,Eastern Alpine north slope,6,1961,2020,60,0,2015,2020,5,1,FALSE
Uster,UST,NA,2694712.88,1245205.8,8.69217222,47.3508944,438,North-eastern plateau,3,1961,2020,60,0,NA,NA,NA,NA,FALSE
Vaduz,VAD,6990,2757723.51,1221699.04,9.51757778,47.1274722,457.25,Eastern Alpine north slope,6,1972,2020,49,0,1982,2021,40,0,TRUE
V√§ttis,VAE,NA,2752732.69,1197281.72,9.4436,46.9090778,939,Northern and central Grisons,9,1961,2020,59,1,2015,2020,5,1,FALSE
Valeyres-sous-Rances,VAR,NA,2530240.71,1178344.64,6.525625,46.7526333,510,Western plateau,5,1961,2020,60,0,NA,NA,NA,NA,FALSE
Vevey / Corseaux,VEV,6603,2552105.69,1146847.44,6.81505556,46.4712389,405,Western plateau,5,1962,2020,58,1,2015,2020,5,1,FALSE
"Vira, Gambarogno",VIG,NA,2709402.19,1111548.09,8.85462778,46.1465333,225,Alpine south side,12,1962,2020,58,1,NA,NA,NA,NA,FALSE
Visp,VIS,6727,2631150.61,1128024.02,7.84295833,46.3029,639.43,Valais,10,1981,2020,40,0,1982,2021,40,0,TRUE
Vals,VLS,6663,2734017.13,1165551.23,9.18871111,46.6277583,1242,Northern and central Grisons,9,1961,2020,60,0,2015,2020,5,1,FALSE
Vrin,VRI,NA,2727424.65,1168525.48,9.10347222,46.6557972,1384,Northern and central Grisons,9,1961,2020,60,0,2015,2020,5,1,FALSE
La Valsainte,VST,NA,2580089.68,1166314.08,7.17856111,46.6477667,1044,Western Alpine North- slope,8,1961,2020,60,0,2018,2020,3,0,FALSE
Vallorbe,VVI,NA,2519399.6,1174060.7,6.38450556,46.7128778,748,Western Jura,2,1962,2020,59,0,NA,NA,NA,NA,FALSE
W√§denswil,WAE,6673,2693848,1230744.03,8.67770556,47.2209583,485.37,North-eastern plateau,3,1962,2020,59,0,1982,2021,40,0,TRUE
Waldegg,WAG,NA,2676761.89,1246210.85,8.45478889,47.3622694,545.3,North-eastern plateau,3,1962,2020,59,0,2019,2020,1,1,FALSE
"Wil, ZH",WBR,NA,2680341.17,1273224.93,8.50703056,47.6047833,406,North-eastern plateau,3,1961,2020,60,0,NA,NA,NA,NA,FALSE
Wilchingen,WCH,NA,2677053.13,1280206.73,8.464525,47.6679639,422,North-eastern plateau,3,1961,2020,60,0,NA,NA,NA,NA,FALSE
Wahlendorf,WDO,NA,2592250.15,1205940.22,7.33673333,47.0044694,760,Central plateau,4,1961,2020,60,0,NA,NA,NA,NA,FALSE
Weesen,WEE,NA,2724983.81,1221382.74,9.08609167,47.1316194,425,Eastern Alpine north slope,6,1961,2020,60,0,2013,2020,8,0,FALSE
Weinfelden,WEF,NA,2726403.88,1269982.57,9.11851389,47.568375,477,North-eastern plateau,3,1961,2020,59,1,NA,NA,NA,NA,FALSE
Weisstannen,WET,NA,2744900.65,1205819.73,9.34354722,46.9876111,1010,Eastern Alpine north slope,6,1961,2020,60,0,NA,NA,NA,NA,FALSE
Weissfluhjoch,WFJ,6780,2780615.72,1189634.31,9.80639444,46.833325,2691.24,Northern and central Grisons,9,1961,2020,59,1,1982,2021,39,1,TRUE
Wildhaus,WHA,NA,2746129.66,1229567.75,9.36737222,47.2008889,998,Eastern Alpine north slope,6,1962,2020,59,0,NA,NA,NA,NA,FALSE
Riedholz / Wallierhof,WHF,NA,2609394.37,1231491.35,7.56269722,47.2342778,518,Central plateau,4,1970,2020,51,0,2016,2020,4,1,FALSE
Wasen im Emmental,WIE,NA,2627850.43,1210550.07,7.80512778,47.0453944,770,Central plateau,4,1961,2020,60,0,NA,NA,NA,NA,FALSE
Winterthur / Seen,WIN,NA,2699845.91,1259053.81,8.76318889,47.4746722,506,North-eastern plateau,3,1961,2020,60,0,2013,2020,8,0,FALSE
Wimmis,WIS,NA,2617298.94,1168863.72,7.66469722,46.670775,648,Western Alpine North- slope,8,1961,2020,60,0,NA,NA,NA,NA,FALSE
Wittnau,WIT,NA,2639941.7,1258983.29,7.96853611,47.4804028,463,Eastern Jura,1,1961,2020,59,1,2013,2020,7,1,FALSE
Witzwil,WIW,NA,2570636,1205385.32,7.05256389,46.9988722,433,Central plateau,4,1961,2020,60,0,NA,NA,NA,NA,FALSE
Wynau,WYN,6643,2626405.48,1233849.23,7.787475,47.255025,421.99,Central plateau,4,1979,2020,42,0,1982,2021,40,0,TRUE
Yverdon-les-Bains,YVN,NA,2539851.77,1181493.57,6.65099167,46.7818944,432,Western plateau,5,1961,2020,60,0,NA,NA,NA,NA,FALSE
Zermatt,ZER,6748,2624297.81,1097574.4,7.75243333,46.0292722,1638.35,Valais,10,1961,2020,60,0,1982,2021,40,0,TRUE
Zervreila,ZEV,NA,2728780.63,1159992.55,9.11879722,46.5787972,1738,Northern and central Grisons,9,1971,2020,50,0,2017,2020,3,1,FALSE
Zernez,ZNZ,NA,2802721.96,1175274.95,10.0896222,46.6978639,1470,Engadine,11,1962,2020,59,0,NA,NA,NA,NA,FALSE
Zofingen,ZOF,NA,2638189.56,1236711.16,7.94339167,47.2801889,432,Central plateau,4,1961,2020,49,11,NA,NA,NA,NA,FALSE
Zugerberg,ZUB,NA,2683016.78,1222025.82,8.53311667,47.1439972,927,Central plateau,4,1973,2020,48,0,NA,NA,NA,NA,FALSE